Pred_high,Pred_low,Actual_high,Actual_low
788.9435424804688,776.9378662109375,822.0,811.6799926757812
856.6491088867188,843.7177124023438,848.4600219726562,843.75
428.7541809082031,421.67236328125,431.3500061035156,424.75
500.1539611816406,492.09625244140625,540.4400024414061,529.3599853515625
393.4845275878906,386.88494873046875,638.0599975585938,597.5499877929688
421.2019348144531,414.2234191894531,475.8800048828125,464.7999877929688
523.1409301757812,514.7689208984375,538.739990234375,527.1199951171875
324.3999938964844,318.74468994140625,362.8699951171875,354.5
524.2776489257812,515.89013671875,510.8599853515625,497.7200012207031
634.0221557617188,624.1341552734375,753.3599853515625,739.7000122070312
1686.110595703125,1661.83984375,1677.06005859375,1613.75
800.4705200195312,788.307373046875,833.780029296875,824.9400024414062
346.98699951171875,341.023193359375,313.0,307.5199890136719
1353.64404296875,1333.91845703125,1458.97998046875,1320.719970703125
786.8829956054688,774.9053955078125,772.6599731445312,756.0
1885.742919921875,1858.7431640625,1945.0,1832.6500244140625
369.2469177246094,362.97882080078125,361.0799865722656,351.5799865722656
1617.784912109375,1594.4482421875,1589.8900146484375,1575.25
131.75706481933594,128.73550415039062,123.22000122070312,120.04000091552734
215.6389617919922,211.47064208984375,218.5,213.0200042724609
167.705078125,164.19216918945312,191.33999633789062,179.72000122070312
419.6253356933594,412.6685791015625,439.7300109863281,433.5199890136719
1689.623046875,1665.3043212890625,1634.0,1600.56005859375
613.6367797851562,604.0275268554688,498.3800048828125,474.0
324.1333923339844,318.48193359375,356.9599914550781,351.3800048828125
605.67529296875,596.1749267578125,581.52001953125,567.0
1606.5166015625,1583.333984375,1592.050048828125,1575.0
1941.2440185546875,1913.4853515625,1921.010009765625,1900.0
1137.549072265625,1120.777587890625,1170.8699951171875,1160.27001953125
278.63134765625,273.60186767578125,260.29998779296875,255.3300018310547
201.7511749267578,197.7727508544922,240.7400054931641,234.07000732421875
776.3742065429688,764.5404052734375,772.0999755859375,766.1900024414062
304.9579772949219,299.5687255859375,303.6199951171875,298.29998779296875
548.4773559570312,539.7591552734375,536.3900146484375,523.1199951171875
1817.00439453125,1790.9443359375,1836.56005859375,1786.0
384.3399963378906,377.865478515625,432.5,427.2300109863281
979.3071899414062,964.698974609375,983.469970703125,967.6099853515624
371.70050048828125,365.3988952636719,387.80999755859375,381.2099914550781
200.7681427001953,196.80316162109375,192.5,185.67999267578125
2004.083984375,1975.466552734375,1909.8900146484373,1883.47998046875
1788.1495361328125,1762.484130859375,1707.800048828125,1689.010009765625
1794.0740966796875,1768.32763671875,1792.8599853515625,1776.6300048828125
2070.357421875,2040.833740234375,2185.10009765625,2161.1201171875
305.7115478515625,300.31207275390625,301.0,297.2200012207031
871.0172119140625,857.889404296875,850.2999877929688,833.5
183.58148193359375,179.8514404296875,173.3000030517578,168.35000610351562
2690.001953125,2652.007568359375,2584.0,2508.0
1926.7890625,1899.228271484375,2022.9000244140625,2001.550048828125
313.7027893066406,308.19378662109375,340.7200012207031,333.8800048828125
329.9097595214844,324.17919921875,313.94000244140625,309.3399963378906
1825.96240234375,1799.77978515625,1769.5,1757.050048828125
321.0808410644531,315.47119140625,316.55999755859375,304.82000732421875
135.67431640625,132.59925842285156,120.73999786376952,117.0
385.2931823730469,378.8055419921875,323.75,319.0
202.4168243408203,198.42913818359375,196.5,192.3300018310547
397.24749755859375,390.59637451171875,435.20001220703125,430.1700134277344
1885.682861328125,1858.683837890625,1701.5699462890625,1663.3399658203125
1957.75,1929.765869140625,1996.0,1962.22998046875
1489.254638671875,1467.675048828125,1529.4200439453125,1478.5
312.02032470703125,306.534423828125,312.3500061035156,304.8999938964844
1068.8349609375,1053.0028076171875,1007.77001953125,1001.030029296875
857.7771606445312,844.8303833007812,857.3499755859375,851.719970703125
309.979248046875,304.5213928222656,268.25,264.83999633789057
997.0343627929688,982.18408203125,962.0,954.2000122070312
370.70953369140625,364.4211730957031,337.79998779296875,333.7699890136719
1614.4384765625,1591.1474609375,1520.760009765625,1487.0
320.3777770996094,314.7777404785156,383.1099853515625,368.0799865722656
1847.148193359375,1820.6761474609375,1872.8699951171875,1850.6099853515625
326.5769348144531,320.89202880859375,344.3599853515625,334.54998779296875
1078.55078125,1062.5860595703125,970.3900146484376,951.3800048828124
1126.9156494140625,1110.2896728515625,1032.8499755859377,1001.0
315.1191101074219,309.5907897949219,305.1499938964844,301.0
1621.12548828125,1597.743408203125,1718.800048828125,1693.1300048828125
639.6582641601562,629.693359375,626.75,614.8800048828125
900.2211303710938,886.6943359375,893.489990234375,885.4199829101562
333.2476501464844,327.4715576171875,337.1600036621094,334.0199890136719
340.9634704589844,335.08184814453125,397.0,388.4200134277344
161.11744689941406,157.69451904296875,168.80999755859375,164.6199951171875
171.23658752441406,167.67529296875,184.97999572753903,181.88999938964844
663.7962036132812,653.501220703125,714.469970703125,693.9099731445312
420.6513366699219,413.6803283691406,427.489990234375,419.1400146484375
217.57000732421875,213.37530517578125,238.13999938964844,232.25
282.5301208496094,277.4472961425781,273.16000366210943,265.0
178.3543243408203,174.6957244873047,192.4499969482422,185.3000030517578
982.0610961914062,967.415283203125,990.6799926757812,969.2100219726562
233.4683380126953,229.056396484375,228.69000244140625,220.22000122070312
1280.0712890625,1261.3515625,1388.1600341796875,1338.0
348.7933654785156,342.8045654296875,308.010009765625,303.239990234375
268.7340393066406,263.83990478515625,300.69000244140625,292.1000061035156
363.6744079589844,357.4822998046875,405.6300048828125,396.25
904.0512084960938,890.4720458984375,909.989990234375,903.8200073242188
1620.8150634765625,1597.43701171875,1588.5899658203125,1566.760009765625
170.09010314941406,166.54464721679688,179.0,173.58999633789062
250.7299041748047,246.08206176757812,259.5,252.6199951171875
132.4755096435547,129.444091796875,132.33000183105472,120.5999984741211
309.912841796875,304.4559326171875,327.94000244140625,306.8999938964844
1912.464599609375,1885.0994873046875,1752.0,1715.25
140.2081756591797,137.07107543945312,142.60000610351562,140.03999328613278
1623.806640625,1600.3876953125,1657.260009765625,1631.780029296875
222.77305603027344,218.50721740722656,180.7400054931641,178.3699951171875
160.24839782714844,156.83737182617188,165.0,160.74000549316406
239.2662811279297,234.77490234375,188.8500061035156,185.57000732421875
1747.569091796875,1722.458251953125,1789.780029296875,1762.0
183.45924377441406,179.73069763183594,178.49000549316406,174.14999389648438
1754.2213134765625,1729.01953125,1614.47998046875,1573.1199951171875
665.6295776367188,655.309814453125,777.5,760.0900268554688
1754.5255126953125,1729.3197021484375,1724.800048828125,1708.8699951171875
984.8375854492188,970.15380859375,1016.5,1001.25
245.3963623046875,240.8212432861328,257.77999877929693,253.5
1478.1053466796875,1456.67822265625,1460.989990234375,1415.1500244140625
779.1129760742188,767.2418212890625,768.469970703125,763.0900268554688
550.2974853515625,541.5542602539062,554.27001953125,533.1500244140625
406.9824523925781,400.1983642578125,381.7699890136719,374.9400024414063
461.2274475097656,453.70196533203125,435.989990234375,428.8299865722656
1861.6708984375,1835.0003662109375,1792.989990234375,1774.06005859375
218.26513671875,214.06094360351562,246.8699951171875,241.3600006103516
732.1537475585938,720.92431640625,746.0999755859375,738.0
169.01072692871094,165.4798583984375,234.3000030517578,216.2899932861328
1765.088134765625,1739.73779296875,1795.6500244140625,1757.219970703125
1809.358642578125,1783.4034423828125,1880.050048828125,1806.530029296875
233.7127227783203,229.29739379882812,243.47999572753903,239.0200042724609
1812.44921875,1786.451416015625,1750.6700439453125,1735.0
1860.194580078125,1833.544189453125,1831.0899658203125,1802.219970703125
206.61729431152344,202.57235717773438,238.6999969482422,230.5
807.9514770507812,795.6859130859375,770.5,756.1599731445312
1766.0107421875,1740.64794921875,1925.0,1893.6700439453125
183.52777099609375,179.7985382080078,243.3300018310547,229.25
447.4407653808594,440.10345458984375,446.4700012207031,440.2300109863281
856.3806762695312,843.4530029296875,852.5,839.6699829101562
617.603515625,607.940185546875,560.3499755859375,550.1300048828125
135.8816680908203,132.8037109375,127.4800033569336,124.26000213623048
1808.033447265625,1782.095947265625,1846.1199951171875,1835.1700439453125
1097.799072265625,1081.5712890625,1112.6800537109377,1088.52001953125
349.5888366699219,343.58917236328125,312.6000061035156,307.0
1786.9093017578125,1761.2607421875,1762.52001953125,1734.1199951171875
225.00961303710938,220.71319580078125,232.52999877929688,228.02999877929688
1955.63916015625,1927.683837890625,1927.530029296875,1890.0
166.2168426513672,162.72409057617188,235.80999755859366,225.6000061035156
1623.526611328125,1600.111328125,1701.050048828125,1609.8499755859375
1885.6722412109375,1858.6734619140625,1913.8900146484373,1892.0400390625
1621.53076171875,1598.142822265625,1657.4300537109375,1612.0
204.36692810058594,200.3526611328125,198.07000732421875,191.58999633789062
641.1405029296875,631.1552734375,625.989990234375,612.239990234375
165.11524963378906,161.63766479492188,178.42999267578125,174.60000610351562
169.27130126953125,165.7369384765625,144.63999938964844,142.10000610351562
1692.2664794921875,1667.9114990234375,1720.8699951171875,1708.52001953125
756.3815307617188,744.82080078125,768.0900268554688,750.25
528.8289184570312,520.3790283203125,522.6900024414061,507.260009765625
1910.59619140625,1883.256591796875,1957.0,1820.72998046875
1014.052978515625,998.969970703125,991.0499877929688,980.239990234375
193.4322052001953,189.5674285888672,193.57000732421875,186.1000061035156
200.1005401611328,196.14459228515625,199.6000061035156,193.7400054931641
230.4487762451172,226.07801818847656,227.2899932861328,222.50999450683602
994.4996948242188,979.6838989257812,965.6099853515624,954.4199829101562
1866.93017578125,1840.187744140625,1824.68994140625,1800.7900390625
807.4697875976562,795.2109375,823.989990234375,814.5
194.12109375,190.24685668945312,189.08999633789062,185.30999755859366
127.968994140625,124.9991455078125,125.44000244140624,123.18000030517578
351.15838623046875,345.13739013671875,321.30999755859375,316.95001220703125
297.6341857910156,292.34503173828125,285.9800109863281,280.0
365.3486633300781,359.1337890625,377.70001220703125,371.510009765625
1944.4697265625,1916.6671142578125,1893.699951171875,1858.0
2010.9715576171875,1982.259765625,2033.18994140625,2003.5999755859373
229.70130920410156,225.34075927734375,226.0,218.08999633789062
204.9775848388672,200.9552001953125,187.8999938964844,181.88999938964844
1955.73388671875,1927.777587890625,1993.6500244140625,1959.219970703125
318.2262878417969,312.65557861328125,303.1400146484375,296.1099853515625
1591.83642578125,1568.8544921875,1606.43994140625,1590.8900146484375
185.1092529296875,181.3582305908203,190.7700042724609,186.27999877929688
230.58685302734375,226.2142333984375,230.97000122070312,224.6000061035156
532.1804809570312,523.6848754882812,532.969970703125,525.02001953125
138.72886657714844,135.61215209960938,127.58999633789062,124.81999969482422
207.74813842773438,203.68768310546875,195.5,187.3000030517578
740.1559448242188,728.8172607421875,777.0,764.239990234375
307.4302978515625,302.00714111328125,291.04998779296875,285.6199951171875
283.4354248046875,278.3402099609375,305.7900085449219,301.9100036621094
283.6111755371094,278.5138244628906,274.79998779296875,271.85000610351557
259.8246154785156,255.05224609375,269.39999389648443,264.02999877929693
172.14610290527344,168.572265625,159.8699951171875,156.57000732421875
380.2478332519531,373.8293762207031,314.54998779296875,310.05999755859375
1418.433349609375,1397.822021484375,1419.719970703125,1383.530029296875
577.3604736328125,568.2472534179688,649.989990234375,622.2899780273438
619.5079956054688,609.8187255859375,682.77001953125,670.1199951171875
325.1284484863281,319.4632263183594,388.2099914550781,382.5700073242188
648.6773681640625,638.5891723632812,562.760009765625,545.0499877929689
199.37254333496094,195.42665100097656,184.94000244140625,182.05999755859366
136.02947998046875,132.949462890625,132.85000610351562,130.44000244140622
1834.71826171875,1808.4161376953125,1784.0,1725.1099853515625
226.06832885742188,221.75746154785156,255.1699981689453,251.50999450683602
136.97879028320312,133.88583374023438,139.5,136.6300048828125
250.70333862304688,246.05569458007812,259.42001342773443,253.5200042724609
251.97398376464844,247.30892944335938,271.66000366210943,265.01998901367193
2172.234375,2141.318115234375,2333.3701171875,2245.0
981.0193481445312,966.3876953125,961.2000122070312,945.4600219726562
365.0111389160156,358.8009033203125,361.5,348.6000061035156
181.9864959716797,178.2782440185547,224.9900054931641,216.72000122070312
757.1963500976562,745.6246337890625,770.0,759.7999877929688
177.3212432861328,173.6768341064453,169.75,163.89999389648438
210.6817169189453,206.58116149902344,194.5500030517578,189.75
182.7711944580078,179.05230712890625,233.83999633789062,223.0500030517578
1591.6044921875,1568.6259765625,1645.0,1614.0899658203125
182.14894104003906,178.43844604492188,190.4900054931641,188.25
2389.75927734375,2355.869140625,2413.580078125,2330.0
735.9127807617188,724.6318969726562,739.5499877929688,731.6300048828125
392.0818786621094,385.5015869140625,437.7300109863281,425.5700073242188
325.8206787109375,320.14630126953125,317.8900146484375,311.510009765625
389.5470886230469,383.0013427734375,346.8299865722656,342.5
749.7449340820312,738.2752685546875,748.5,735.3499755859375
201.4394073486328,197.46531677246094,216.0800018310547,213.0
190.38153076171875,186.55868530273438,246.7100067138672,240.17999267578125
137.1135711669922,134.01876831054688,129.39999389648438,127.1999969482422
1510.7705078125,1488.896728515625,1525.3800048828125,1481.0
146.87841796875,143.65017700195312,120.37999725341795,117.56999969482422
1927.501953125,1899.931396484375,1911.0,1886.43994140625
875.8381958007812,862.644287109375,581.7999877929688,570.3099975585938
1877.043701171875,1850.162841796875,1874.4300537109373,1823.0
2061.04248046875,2031.6466064453125,1958.199951171875,1915.43994140625
524.3270263671875,515.93896484375,539.3900146484375,519.8900146484375
219.50181579589844,215.28067016601562,240.5200042724609,231.80999755859366
149.48434448242188,146.22056579589844,153.30999755859375,149.60000610351562
206.57566833496094,202.53125,196.3600006103516,193.0200042724609
161.76441955566406,158.33270263671875,171.25999450683594,165.0500030517578
678.5770263671875,668.080078125,636.5499877929688,623.0
2353.5419921875,2320.146728515625,2400.0,2316.02001953125
2594.84814453125,2558.154052734375,2621.47998046875,2503.35009765625
371.2996520996094,365.0033874511719,332.17999267578125,322.5
197.82801818847656,193.90321350097656,186.4900054931641,182.91000366210938
608.2037963867188,598.6690673828125,614.7100219726562,605.530029296875
211.01551818847656,206.910400390625,160.91000366210938,156.77000427246094
312.5328674316406,307.0399475097656,335.75,325.0
176.2675018310547,172.6374053955078,175.88999938964844,172.14999389648438
1929.056884765625,1901.465087890625,1934.7900390625,1906.6300048828125
300.3073425292969,294.9815673828125,313.20001220703125,303.4700012207031
228.2855987548828,223.9443359375,236.4900054931641,233.02999877929688
129.70872497558594,126.71514892578125,124.5,120.6500015258789
189.37364196777344,185.56439208984375,171.64999389648438,168.58999633789062
809.2363891601562,796.953369140625,818.5,805.0800170898438
1959.1982421875,1931.1943359375,2001.300048828125,1965.8699951171875
1896.816162109375,1869.665283203125,1887.1099853515625,1858.550048828125
1538.3414306640625,1516.091064453125,1469.989990234375,1415.02001953125
269.4326171875,264.52886962890625,306.3399963378906,301.8699951171875
783.9940795898438,772.05615234375,805.9299926757812,797.1500244140625
300.0888977050781,294.7660827636719,406.25,387.70001220703125
998.4204711914062,983.55078125,1019.0499877929688,987.02001953125
208.0452423095703,203.98065185546875,217.5500030517578,211.17999267578125
231.1647491455078,226.7841033935547,244.8999938964844,238.8000030517578
124.39518737792969,121.47434997558594,121.47000122070312,117.36000061035156
181.18453979492188,177.48724365234375,183.5,172.49000549316406
969.5964965820312,955.12109375,998.7999877929688,976.0
516.7485961914062,508.46392822265625,529.4600219726561,518.2100219726561
356.2448425292969,350.15435791015625,329.29998779296875,323.5299987792969
741.4269409179688,730.07080078125,721.3099975585938,710.8099975585938
349.0896301269531,343.09698486328125,382.5,374.8200073242188
1971.781982421875,1943.60595703125,2035.800048828125,1995.300048828125
1933.949951171875,1906.291015625,1878.8599853515625,1855.0899658203125
1644.1058349609375,1620.40966796875,1778.3399658203125,1730.0
1734.310546875,1709.381103515625,1870.4599609375,1799.5
420.7859191894531,413.81317138671875,394.2799987792969,388.0
1820.799560546875,1794.6876220703125,1824.5,1797.31005859375
280.5439758300781,275.4885559082031,234.8300018310547,230.1100006103516
236.6183624267578,232.16329956054688,262.83999633789057,258.52999877929693
200.1973114013672,196.24008178710938,197.0,193.0
1165.9510498046875,1148.79150390625,1178.3199462890625,1160.550048828125
204.24681091308594,200.23419189453125,180.75,176.9600067138672
656.010009765625,645.8217163085938,624.3800048828125,615.0700073242188
1891.680908203125,1864.60009765625,1935.199951171875,1905.800048828125
411.6671142578125,404.8191223144531,367.8200073242188,360.2099914550781
407.3586120605469,400.5693359375,378.8500061035156,374.8800048828125
378.7505798339844,372.35260009765625,318.5899963378906,313.4700012207031
942.7337036132812,928.6253662109375,743.260009765625,728.9000244140625
315.8475341796875,310.3093566894531,321.7300109863281,317.5199890136719
807.5110473632812,795.2513427734375,769.0999755859375,760.3099975585938
428.5754699707031,421.4961853027344,437.0,429.0
262.4602355957031,257.6520080566406,265.92999267578125,257.89999389648443
1092.0029296875,1075.8541259765625,1006.4000244140624,991.5800170898438
984.3811645507812,969.703857421875,1008.5499877929688,998.0999755859376
869.1749877929688,856.0723266601562,999.75,982.0
256.1981201171875,251.47525024414062,196.02999877929688,193.5500030517578
350.8382263183594,344.821533203125,346.6700134277344,341.3399963378906
373.4031677246094,367.078125,375.239990234375,372.2699890136719
293.4181823730469,288.186767578125,259.42999267578125,254.5
1834.29541015625,1807.9990234375,1841.0,1811.27001953125
1759.828125,1734.5499267578125,1770.050048828125,1742.0
1031.452880859375,1016.1318359375,979.8499755859376,965.0
325.5036315917969,319.83343505859375,322.0,316.6700134277344
207.5652618408203,203.50735473632812,221.4499969482422,214.9499969482422
1344.8494873046875,1325.2442626953125,1254.3299560546875,1237.22998046875
125.82918548583984,122.8886489868164,121.91999816894531,118.01000213623048
417.1203308105469,410.19769287109375,431.8500061035156,425.010009765625
1524.623046875,1502.560302734375,1438.3800048828125,1415.699951171875
2567.270751953125,2530.954345703125,2473.530029296875,2445.31005859375
179.4409637451172,175.767578125,207.32000732421875,194.83999633789062
1721.6661376953125,1696.9095458984375,1684.27001953125,1660.97998046875
214.3052215576172,210.15516662597656,181.57000732421875,178.5
330.4605407714844,324.7225341796875,355.7300109863281,349.45001220703125
799.4234008789062,787.2744140625,839.9500122070312,832.4000244140625
1893.71435546875,1866.60546875,1903.800048828125,1887.3199462890625
316.5449523925781,310.9971618652344,306.70001220703125,302.5899963378906
195.78721618652344,191.8903045654297,218.32000732421875,213.25
1591.5426025390625,1568.56494140625,1584.9000244140625,1562.18994140625
1662.515625,1638.5673828125,1667.800048828125,1641.4000244140625
1820.3121337890625,1794.206787109375,1792.0,1777.3900146484375
141.2398223876953,138.0887908935547,136.99000549316406,131.0
222.5877227783203,218.32464599609375,194.05999755859366,190.25999450683602
724.1892700195312,713.0687866210938,789.489990234375,774.6099853515625
191.0466766357422,187.21456909179688,174.4600067138672,172.0500030517578
1482.712158203125,1461.22216796875,1736.4100341796875,1679.0799560546875
1521.7384033203125,1499.71484375,1538.0,1497.1099853515625
307.8879699707031,302.4585266113281,304.6400146484375,296.6600036621094
280.2587585449219,275.2071228027344,275.44000244140625,271.5
730.9763793945312,719.7630615234375,780.4600219726562,771.6599731445312
191.4404754638672,187.6028289794922,178.8000030517578,173.5
208.69871520996094,204.6251220703125,202.97000122070312,195.5
223.64393615722656,219.36639404296875,218.3999938964844,205.75
705.8563842773438,694.9866333007812,726.4299926757812,718.219970703125
435.0430908203125,427.87554931640625,405.0,399.20001220703125
376.4421691894531,370.0757141113281,372.7300109863281,367.0
165.78311157226562,162.29635620117188,168.49000549316406,165.0500030517578
693.6619262695312,682.958740234375,646.9099731445312,627.6500244140625
1767.295166015625,1741.91455078125,1815.6700439453125,1798.72998046875
357.8984375,351.78533935546875,329.4800109863281,320.1000061035156
2099.91748046875,2069.98974609375,2180.25,2155.2900390625
904.9634399414062,891.3716430664062,909.47998046875,903.0
618.2196044921875,608.5477905273438,572.47998046875,558.0999755859375
223.2339630126953,218.96182250976562,252.41000366210938,242.75
2525.0517578125,2489.31201171875,2326.97998046875,2256.3798828125
210.91653442382812,206.81280517578125,227.13999938964844,218.27999877929688
772.0244750976562,760.2501831054688,765.0,750.3499755859375
1865.0645751953125,1838.347412109375,1905.800048828125,1876.6400146484373
322.9634094238281,317.32794189453125,331.7200012207031,326.1400146484375
190.65184020996094,186.82513427734375,160.85000610351562,157.5500030517578
657.4603881835938,647.2523193359375,680.989990234375,672.0999755859375
215.45611572265625,211.29034423828125,228.3500061035156,223.7100067138672
171.82594299316406,168.25665283203125,186.0,181.2100067138672
947.8543701171875,933.6761474609375,999.0,982.1099853515624
1195.019775390625,1177.462646484375,1205.489990234375,1188.300048828125
2047.5528564453125,2018.34130859375,2176.7900390625,2127.449951171875
355.828857421875,349.7442321777344,375.989990234375,366.70001220703125
181.8982696533203,178.19140625,223.6199951171875,217.5500030517578
222.26612854003906,218.00723266601562,252.47999572753903,247.5
1965.138671875,1937.0537109375,1973.6300048828125,1912.3399658203125
303.5354309082031,298.16552734375,306.0,287.260009765625
207.26499938964844,203.21127319335938,219.6300048828125,212.80999755859366
1559.9169921875,1537.371337890625,1675.1600341796875,1626.010009765625
1185.7982177734375,1168.3671875,1186.8399658203125,1160.699951171875
1010.4150390625,995.3818359375,997.9500122070312,980.0999755859376
942.0369873046875,927.9383544921875,949.0499877929688,939.2100219726562
187.45159912109375,183.66860961914062,203.4199981689453,196.17999267578125
1360.677001953125,1340.855224609375,1638.0999755859375,1567.3900146484375
400.7703552246094,394.0711669921875,403.7200012207031,396.3699951171875
1566.9281005859375,1544.287109375,1561.199951171875,1516.0899658203125
1532.2225341796875,1510.0556640625,1554.8800048828125,1545.25
233.4584503173828,229.0465545654297,274.5,269.60000610351557
713.2675170898438,702.2965087890625,730.0,720.5499877929688
297.19720458984375,291.9140319824219,293.80999755859375,284.0
189.46510314941406,185.65460205078125,205.1999969482422,200.5
962.6638793945312,948.2833862304688,959.0,941.1400146484376
198.45872497558594,194.52529907226562,173.10000610351562,169.50999450683594
262.0267639160156,257.2242431640625,247.6100006103516,244.58999633789062
344.4057312011719,338.4769592285156,357.6000061035156,343.3999938964844
1947.4814453125,1919.637451171875,2026.3199462890625,2001.219970703125
2160.80859375,2130.048828125,2444.8798828125,2363.0
163.6266326904297,160.16952514648438,130.02000427246094,126.81999969482422
401.1385192871094,394.4344482421875,384.4200134277344,378.7999877929688
884.6821899414062,871.36767578125,921.8599853515624,912.1099853515624
1538.8607177734375,1516.60302734375,1568.52001953125,1539.06005859375
541.4197998046875,532.7978515625,620.8800048828125,579.1599731445312
383.6611633300781,377.1958312988281,347.0,336.0799865722656
136.0506591796875,132.97042846679688,129.22000122070312,126.5
1839.5091552734375,1813.141357421875,1847.77001953125,1818.9200439453125
768.2020874023438,756.4798583984375,805.8900146484375,794.27001953125
187.96473693847656,184.17491149902344,181.77999877929688,179.02000427246094
174.5394287109375,170.93292236328125,188.94000244140625,184.9199981689453
318.9605407714844,313.3796081542969,338.3299865722656,331.4700012207031
2011.00244140625,1982.290283203125,2053.0,2017.6600341796875
308.45550537109375,303.018310546875,310.4800109863281,304.0
1125.6875,1109.078125,1172.7900390625,1157.0999755859375
686.1818237304688,675.5809326171875,757.3400268554688,740.3300170898438
1809.7080078125,1783.74755859375,1830.0,1807.530029296875
155.1682586669922,151.82662963867188,118.1999969482422,116.4000015258789
1834.14404296875,1807.849853515625,1798.9300537109375,1757.0
1196.459228515625,1178.88232421875,1187.2900390625,1175.6099853515625
268.0887756347656,263.20330810546875,278.41000366210943,274.239990234375
210.3038787841797,206.20849609375,226.02999877929688,220.5200042724609
213.5099639892578,209.37095642089844,189.47000122070312,183.6499938964844
1478.364013671875,1456.93359375,1575.969970703125,1482.3199462890625
786.3544921875,774.3841552734375,830.1400146484375,817.030029296875
187.1022491455078,183.32421875,187.0,181.58999633789062
1590.9171142578125,1567.947998046875,1698.4599609375,1603.0
1453.78271484375,1432.6881103515625,1468.93994140625,1436.8399658203125
1597.509765625,1574.450439453125,1608.0,1592.0
2118.96533203125,2088.77685546875,1954.510009765625,1870.0
213.46900939941406,209.33047485351562,221.58999633789062,218.0
319.7423400878906,314.15093994140625,312.6400146484375,306.010009765625
211.19808959960938,207.0904998779297,173.49000549316406,170.3000030517578
208.10462951660156,204.0393524169922,221.4900054931641,218.1100006103516
636.1420288085938,626.2251586914062,556.9099731445311,545.3300170898439
2504.89453125,2469.4306640625,2442.3701171875,2398.199951171875
1002.1444091796875,987.2239990234375,967.7899780273438,954.0499877929688
391.3475036621094,384.7772216796875,315.8999938964844,308.7699890136719
1561.414794921875,1538.848876953125,1469.0,1390.31005859375
403.2039489746094,396.4715576171875,376.1199951171875,371.5499877929688
779.5769653320312,767.6994018554688,784.75,763.5499877929688
210.6389923095703,206.53897094726562,227.5,220.69000244140625
909.6818237304688,896.0255737304688,917.1900024414062,894.489990234375
280.8193359375,275.7601318359375,309.3900146484375,305.510009765625
189.05426025390625,185.24945068359375,172.5,169.25
891.9246215820312,878.510986328125,857.7999877929688,851.010009765625
191.4236602783203,187.58639526367188,240.47000122070312,234.0
234.5137176513672,230.0875701904297,274.260009765625,267.54000854492193
875.4568481445312,862.2685546875,876.4400024414062,859.02001953125
821.0657958984375,808.62109375,801.77001953125,791.77001953125
321.7486877441406,316.1297607421875,261.489990234375,257.1199951171875
859.4554443359375,846.4859619140625,853.0700073242188,846.7899780273438
1822.8680419921875,1796.72802734375,1750.0,1712.6300048828125
404.6036682128906,397.85205078125,476.5799865722656,451.0
327.3394470214844,321.6440124511719,319.20001220703125,312.6199951171875
991.4823608398438,976.7076416015625,1006.8800048828124,995.9000244140624
289.2290344238281,284.0546875,280.20001220703125,274.54000854492193
1876.093994140625,1849.226318359375,1760.0,1726.1300048828125
220.1547088623047,215.9246826171875,205.30999755859366,200.6300048828125
815.7750244140625,803.402587890625,781.9400024414062,771.0
1502.244873046875,1480.488037109375,1414.0,1355.3299560546875
1910.04443359375,1882.7125244140625,1943.6400146484373,1910.550048828125
2546.107666015625,2510.080322265625,2488.0,2461.169921875
141.91195678710938,138.75160217285156,141.39999389648438,136.91000366210938
1643.060791015625,1619.378662109375,1692.1199951171875,1641.5
960.6459350585938,946.2930908203125,965.72998046875,950.8599853515624
1578.77734375,1555.9739990234375,1606.949951171875,1587.8299560546875
363.6756896972656,357.48382568359375,361.7099914550781,356.7200012207031
791.2920532226562,779.25439453125,816.02001953125,806.260009765625
451.1730651855469,443.784912109375,438.20001220703125,433.4800109863281
323.8293151855469,318.181884765625,396.2999877929688,383.1000061035156
1847.56982421875,1821.092041015625,1793.77001953125,1753.4000244140625
1661.56982421875,1637.634521484375,1696.0,1666.5
523.8139038085938,515.4326171875,556.0,521.9000244140625
191.5994415283203,187.75991821289062,190.0,177.5500030517578
1861.612548828125,1834.9423828125,1925.949951171875,1907.5799560546875
155.1958465576172,151.853759765625,165.35000610351562,158.55999755859375
185.2421112060547,181.48947143554688,180.75,170.25
222.967529296875,218.69923400878906,218.30999755859366,214.4600067138672
338.5932922363281,332.74407958984375,297.0,292.2900085449219
260.080078125,255.3042755126953,190.8300018310547,181.50999450683602
178.772216796875,175.10791015625,216.6000061035156,204.47000122070312
181.2170867919922,177.5194549560547,200.8999938964844,191.3699951171875
219.55845642089844,215.33657836914062,191.1499938964844,187.6300048828125
501.65130615234375,493.57318115234375,542.739990234375,527.52001953125
363.8836364746094,357.68890380859375,403.0,396.0400085449219
197.4885711669922,193.56851196289062,178.25,174.0500030517578
315.6674499511719,310.1318664550781,299.0799865722656,295.260009765625
178.6795196533203,175.0164794921875,234.75,222.3999938964844
233.25843811035156,228.84921264648438,185.3999938964844,182.1999969482422
1893.675048828125,1866.5672607421875,1911.239990234375,1898.0400390625
1762.5367431640625,1737.2213134765625,1777.7099609375,1656.56005859375
228.2548370361328,223.91404724121094,239.67999267578125,235.22999572753903
744.3917846679688,732.9952392578125,818.2999877929688,804.0
1668.951171875,1644.9150390625,1700.1700439453125,1677.5
251.0179901123047,246.3660430908203,237.3999938964844,232.1100006103516
1787.88818359375,1762.22607421875,2040.3800048828125,1989.8900146484373
1981.931884765625,1953.616943359375,1950.260009765625,1885.780029296875
960.1055297851562,945.7599487304688,975.0,955.25
342.80853271484375,336.9017333984375,334.6499938964844,331.75
649.7528686523438,639.64990234375,724.22998046875,711.3200073242188
210.66819763183594,206.56784057617188,182.9900054931641,180.2899932861328
370.0863342285156,363.80657958984375,337.3900146484375,333.6000061035156
315.2145080566406,309.6849060058594,331.3399963378906,325.2300109863281
1616.727294921875,1593.4052734375,1624.8199462890625,1546.510009765625
442.0168151855469,434.7537536621094,430.7999877929688,426.5
958.0401000976562,943.72265625,945.0,934.219970703125
363.7115173339844,357.51904296875,375.5,367.5199890136719
1989.569091796875,1961.14990234375,1919.4000244140625,1812.0
383.2516174316406,376.79193115234375,398.6300048828125,391.2900085449219
1901.7628173828125,1874.544189453125,2461.0,2335.0
755.2991333007812,743.7532958984375,756.8699951171875,741.25
772.0156860351562,760.241455078125,770.8699951171875,757.5800170898438
219.9674530029297,215.73997497558594,208.0,201.4499969482422
277.2943115234375,272.2831115722656,311.54998779296875,300.2699890136719
1605.8551025390625,1582.6817626953125,1704.989990234375,1660.27001953125
304.82440185546875,299.43695068359375,299.20001220703125,290.3800048828125
1142.14111328125,1125.306884765625,1184.0,1167.5
224.16287231445312,219.8780517578125,263.1099853515625,254.57000732421875
606.818115234375,597.3023681640625,679.0,655.6799926757812
513.1923217773438,504.9564208984375,536.9500122070311,529.1599731445311
2066.369873046875,2036.90087890625,2428.31005859375,2279.659912109375
364.7225036621094,358.51605224609375,333.0,325.6499938964844
977.639892578125,963.0545654296875,977.8400268554688,960.3200073242188
219.4463653564453,215.22598266601562,234.3699951171875,231.0
186.0873565673828,182.32321166992188,190.0,186.3500061035156
1824.21337890625,1798.054931640625,1891.510009765625,1854.5
1865.287353515625,1838.567138671875,2013.3900146484373,1965.77001953125
222.8394317626953,218.57269287109375,183.41000366210938,179.36000061035156
330.71343994140625,324.9719543457031,360.6300048828125,356.6199951171875
574.3978271484375,565.3253173828125,579.0,567.3800048828125
142.62286376953125,139.4527130126953,126.9499969482422,123.69000244140624
781.0918579101562,769.1934814453125,786.5,781.4400024414062
299.6404724121094,294.3237609863281,282.9100036621094,278.1099853515625
173.65953063964844,170.06509399414062,200.38999938964844,190.0500030517578
138.5436553955078,135.42918395996094,148.22999572753906,145.16000366210938
134.18484497070312,131.13002014160156,138.19000244140622,135.36000061035156
654.8219604492188,644.649658203125,684.8200073242188,674.25
241.52085876464844,236.9986572265625,234.3800048828125,230.6999969482422
167.74815368652344,164.23455810546875,181.47000122070312,176.57000732421875
519.4688110351562,511.14703369140625,551.5,533.3300170898439
1545.50439453125,1523.15576171875,1605.3299560546875,1586.699951171875
584.2667846679688,575.05908203125,583.5499877929688,567.0800170898438
278.1916809082031,273.1683654785156,307.54998779296875,298.5
1533.302001953125,1511.12060546875,1448.780029296875,1424.8900146484375
1529.59765625,1507.466796875,1421.3599853515625,1355.0
317.84344482421875,312.2778015136719,312.9800109863281,310.010009765625
365.815673828125,359.59423828125,327.92999267578125,323.25
357.4629211425781,351.35577392578125,380.4800109863281,376.1600036621094
1669.674072265625,1645.6280517578125,1634.93994140625,1621.1700439453125
1490.424072265625,1468.828369140625,1576.1300048828125,1505.010009765625
185.99195861816406,182.22885131835938,227.1999969482422,221.25
1581.99462890625,1559.1474609375,1632.3800048828125,1590.719970703125
192.62425231933594,188.7706298828125,193.9499969482422,188.3999938964844
316.3241271972656,310.7793884277344,335.5,327.5
1946.8250732421875,1918.990234375,1932.22998046875,1890.5400390625
308.2904357910156,302.855712890625,375.45001220703125,357.760009765625
1789.915283203125,1764.2255859375,1922.449951171875,1900.31005859375
226.55384826660156,222.23635864257812,262.0,253.8000030517578
183.30862426757812,179.58242797851562,202.5800018310547,194.02999877929688
317.8305969238281,312.2652282714844,315.8299865722656,304.5899963378906
175.72349548339844,172.10073852539062,216.66000366210938,208.6499938964844
629.8453369140625,620.0145263671875,564.8099975585938,552.510009765625
760.6590576171875,749.0401000976562,765.010009765625,757.02001953125
1970.519287109375,1942.360595703125,1916.8599853515625,1901.300048828125
342.8578796386719,336.9501953125,379.0,369.4200134277344
184.83558654785156,181.08834838867188,179.49000549316406,175.75
844.0200805664062,831.2613525390625,848.489990234375,841.1199951171875
255.09585571289062,250.38818359375,271.239990234375,267.82998657226557
298.14300537109375,292.8468322753906,307.8999938964844,299.1000061035156
1820.3623046875,1794.256591796875,1777.0,1755.81005859375
376.1774597167969,369.814453125,373.9400024414063,366.7200012207031
277.646484375,272.6306457519531,260.16000366210943,257.0
152.8658905029297,149.55593872070312,157.44000244140625,152.1999969482422
306.3619689941406,300.9534912109375,331.0,316.5
206.76412963867188,202.71705627441406,185.67999267578125,182.3500061035156
616.6612548828125,607.010986328125,664.8800048828125,646.3699951171875
1080.7122802734375,1064.7177734375,1383.5,1265.9300537109375
278.51312255859375,273.48529052734375,296.3699951171875,290.6700134277344
1284.1168212890625,1265.3416748046875,1498.0,1414.0
1798.5220947265625,1772.71484375,1998.68994140625,1948.93994140625
318.4272155761719,312.8536071777344,341.760009765625,329.17999267578125
1213.2064208984375,1195.400634765625,1131.75,1124.06005859375
486.9219665527344,479.044921875,464.70001220703125,460.20001220703125
151.73634338378906,148.4418182373047,141.97999572753906,139.1199951171875
295.6285400390625,290.3668212890625,316.489990234375,302.7099914550781
1649.1812744140625,1625.4154052734375,1626.0,1612.9300537109375
296.3939514160156,291.12164306640625,309.25,302.0
755.4639892578125,743.916015625,743.3300170898438,732.3099975585938
777.921630859375,766.0664672851562,773.1500244140625,768.4199829101562
316.5652770996094,311.0172119140625,309.20001220703125,302.7200012207031
225.2507781982422,220.95108032226562,259.35000610351557,250.72999572753903
361.4096374511719,355.24871826171875,299.6700134277344,293.0299987792969
1777.0972900390625,1751.582763671875,1957.31005859375,1910.5
450.5113830566406,443.13214111328125,440.0,435.5799865722656
354.302490234375,348.2386779785156,403.760009765625,393.7999877929688
777.4163208007812,765.5680541992188,759.8499755859375,752.0999755859375
360.9096374511719,354.75537109375,387.8999938964844,382.1900024414063
721.4443969726562,710.361572265625,696.8200073242188,682.1199951171875
677.8036499023438,667.3174438476562,778.8300170898438,717.7000122070312
1831.4677734375,1805.2099609375,1853.0899658203125,1831.780029296875
802.1678466796875,789.9813232421875,769.8900146484375,761.3200073242188
195.0442657470703,191.157470703125,214.52999877929688,209.2899932861328
211.50225830078125,207.39056396484375,229.0800018310547,221.9499969482422
878.6937866210938,865.4612426757812,890.3499755859375,876.6500244140625
1822.529541015625,1796.3941650390625,1851.5,1841.300048828125
239.91525268554688,235.41510009765625,284.7200012207031,274.39999389648443
193.22862243652344,189.36679077148438,198.44000244140625,195.02999877929688
590.9842529296875,581.6848754882812,616.8099975585938,605.2899780273438
175.72975158691406,172.10720825195312,184.3500061035156,180.41000366210938
2611.566650390625,2574.644287109375,2722.35009765625,2626.260009765625
203.69883728027344,199.69375610351562,183.6100006103516,180.69000244140625
1846.421875,1819.9595947265625,1897.9200439453125,1844.010009765625
267.8760070800781,262.99346923828125,248.6100006103516,245.3000030517578
675.0198364257812,664.571533203125,706.0,696.4199829101562
1569.0,1546.33056640625,1533.800048828125,1504.1099853515625
188.42832946777344,184.632080078125,239.00999450683602,225.88999938964844
2500.21923828125,2464.819091796875,2507.5400390625,2450.010009765625
1507.3365478515625,1485.510009765625,1553.3599853515625,1460.9300537109375
1854.218994140625,1827.6502685546875,1990.010009765625,1943.47998046875
1470.158203125,1448.83984375,1549.02001953125,1495.3599853515625
119.05416870117188,116.20625305175781,122.0,115.8000030517578
305.2380676269531,299.8450622558594,337.3999938964844,322.95001220703125
1854.49609375,1827.923583984375,1921.550048828125,1881.8699951171875
965.2365112304688,950.8206787109375,974.4000244140624,959.02001953125
360.9461975097656,354.79150390625,388.9800109863281,382.0
353.7530212402344,347.6965637207031,373.0,366.2200012207031
203.41354370117188,199.412353515625,169.7100067138672,166.72000122070312
1485.718994140625,1464.187744140625,1378.3399658203125,1357.6199951171875
1179.27978515625,1161.9378662109375,1163.18994140625,1151.0
401.6944885253906,394.982666015625,433.5299987792969,425.7999877929688
331.5025939941406,325.75030517578125,360.1700134277344,354.8399963378906
2428.944091796875,2394.518310546875,2485.0,2428.969970703125
377.8512878417969,371.465576171875,365.67999267578125,362.4599914550781
1513.1297607421875,1491.223876953125,1617.5400390625,1578.010009765625
297.4149475097656,292.1286926269531,296.3999938964844,286.67999267578125
237.7065887451172,233.23660278320312,165.7899932861328,161.72000122070312
265.1318054199219,260.2868957519531,304.5,296.75
1884.0020751953125,1857.026123046875,1883.0899658203125,1862.219970703125
1053.02587890625,1037.409912109375,1129.6199951171875,1115.77001953125
770.1961059570312,758.4466552734375,773.75,769.1199951171875
1937.093994140625,1909.392333984375,1871.489990234375,1851.0
317.3249816894531,311.76654052734375,357.75,346.32000732421875
1008.6193237304688,993.610595703125,986.780029296875,962.5
187.9771270751953,184.18682861328125,215.91000366210938,209.3800048828125
191.3684844970703,187.53196716308594,219.9499969482422,215.00999450683602
279.5836486816406,274.54107666015625,259.79998779296875,255.55999755859366
1396.78369140625,1376.4683837890625,1402.530029296875,1380.9100341796875
297.21539306640625,291.931884765625,276.79998779296875,270.45001220703125
176.83267211914062,173.19482421875,186.4199981689453,180.7400054931641
320.2321472167969,314.6340026855469,364.8500061035156,358.5199890136719
1999.9676513671875,1971.406494140625,1944.9599609375,1893.0
369.3137512207031,363.044677734375,312.5799865722656,308.7900085449219
2650.345703125,2612.893310546875,2620.0,2576.0
181.16310119628906,177.46609497070312,195.6300048828125,189.6999969482422
1558.1923828125,1535.6705322265625,1642.5699462890625,1585.0
164.36158752441406,160.89422607421875,136.80000305175778,134.47999572753906
822.2522583007812,809.7911376953125,791.739990234375,779.0999755859375
346.1886291503906,340.23565673828125,379.3699951171875,375.9200134277344
145.54721069335938,142.3370819091797,164.8800048828125,156.75
210.35169982910156,206.25564575195312,219.3300018310547,214.4600067138672
151.5587615966797,148.2664794921875,162.8000030517578,157.0
1552.807861328125,1530.359619140625,1663.25,1621.6199951171875
555.1170043945312,546.3078002929688,511.4800109863281,490.5
1702.18115234375,1677.69091796875,1916.2099609375,1869.7900390625
2034.15673828125,2005.128173828125,2017.0,2003.8699951171875
357.90557861328125,351.79241943359375,430.3999938964844,424.2999877929688
1586.713623046875,1563.8017578125,1683.47998046875,1661.6099853515625
267.0965881347656,262.22479248046875,271.47000122070307,266.8099975585937
262.1901550292969,257.38543701171875,280.20001220703125,275.64999389648443
236.84625244140625,232.38803100585938,225.1999969482422,221.66000366210938
331.1156311035156,325.36883544921875,544.9500122070311,526.5999755859375
1589.814697265625,1566.860595703125,1621.7900390625,1600.1500244140625
1134.793212890625,1118.059326171875,1177.9300537109375,1162.449951171875
200.58535766601562,196.62286376953125,178.58999633789062,176.16000366210938
1761.737060546875,1736.432373046875,1763.3699951171875,1731.5
390.9120178222656,384.3477783203125,397.2900085449219,392.6000061035156
353.4228210449219,347.37091064453125,329.55999755859375,323.25
264.962646484375,260.12005615234375,244.0,232.8800048828125
491.09063720703125,483.1566162109375,546.239990234375,531.3499755859375
1844.0897216796875,1817.65966796875,1819.0,1769.989990234375
241.6767120361328,237.15249633789062,183.1699981689453,179.0
803.5975341796875,791.3914184570312,847.2100219726562,840.5999755859375
208.2804412841797,204.2125701904297,213.38999938964844,208.2899932861328
656.2682495117188,646.0762939453125,679.989990234375,659.7899780273438
321.3742980957031,315.760498046875,314.5400085449219,311.0400085449219
1157.382080078125,1140.33935546875,1173.5999755859375,1161.6099853515625
521.45556640625,513.1067504882812,519.4099731445311,509.0700073242188
1995.96337890625,1967.4569091796875,1955.0,1900.3399658203125
219.84286499023438,215.61715698242188,202.8800048828125,200.6000061035156
972.1309204101562,957.620849609375,971.3800048828124,962.9000244140624
211.88624572753906,207.76922607421875,199.8999938964844,197.0
437.2636413574219,430.0655517578125,435.5700073242188,430.4599914550781
335.767822265625,329.9571838378906,378.510009765625,373.1499938964844
750.5315551757812,739.0509033203125,746.0,710.0999755859375
702.1303100585938,691.3114013671875,728.280029296875,715.5
156.03794860839844,152.68441772460938,169.75,166.5399932861328
342.0013122558594,336.10546875,343.2699890136719,337.54998779296875
545.8981323242188,537.215087890625,512.7999877929689,501.6700134277344
173.37342834472656,169.78292846679688,187.41000366210938,185.25
2086.488525390625,2056.744873046875,1936.8800048828125,1865.0
319.3727722167969,313.78619384765625,328.5400085449219,321.3999938964844
726.18115234375,715.033447265625,781.0,760.1099853515625
1631.6884765625,1608.16162109375,1614.1199951171875,1600.449951171875
266.7864074707031,261.9190673828125,179.6699981689453,174.2100067138672
428.16705322265625,421.093505859375,431.3500061035156,425.4700012207031
1964.2664794921875,1936.193115234375,1989.0,1958.260009765625
398.0671081542969,391.40496826171875,355.7699890136719,345.3599853515625
669.6892700195312,659.3138427734375,538.989990234375,519.219970703125
2363.724365234375,2330.190673828125,2357.449951171875,2320.0
630.3764038085938,620.538330078125,600.0999755859375,584.1099853515625
2506.52734375,2471.041015625,2530.0,2487.340087890625
829.0104370117188,816.45703125,821.47998046875,812.5
306.9749450683594,301.5582275390625,316.79998779296875,311.3999938964844
251.68487548828125,247.02374267578125,260.8800048828125,256.3699951171875
181.33314514160156,177.63381958007812,181.16000366210938,177.66000366210938
1034.230712890625,1018.87158203125,810.719970703125,803.0
176.6630401611328,173.02757263183594,240.44000244140625,226.7400054931641
169.3619842529297,165.82632446289062,182.3000030517578,179.50999450683594
204.98316955566406,200.9606170654297,185.2899932861328,182.50999450683602
225.60145568847656,221.2969970703125,224.7400054931641,220.83999633789062
1804.7054443359375,1778.8134765625,1763.5,1740.0
197.24375915527344,193.32693481445312,217.8800048828125,210.30999755859366
1841.7158203125,1815.31787109375,1840.6500244140625,1826.4000244140625
280.2335205078125,275.1823425292969,263.25,256.60000610351557
289.8209228515625,284.6385498046875,321.0,313.6499938964844
328.90643310546875,323.1898193359375,349.3800048828125,343.5799865722656
784.4706420898438,772.5260009765625,780.3499755859375,765.1099853515625
1695.761474609375,1671.35888671875,1594.4300537109375,1576.6700439453125
239.9905548095703,235.4894256591797,264.1099853515625,259.76998901367193
479.71356201171875,471.93499755859375,657.719970703125,627.510009765625
270.5511474609375,265.63232421875,264.60000610351557,258.02999877929693
1209.966064453125,1192.20458984375,1155.8900146484375,1136.0799560546875
1805.6485595703125,1779.7437744140625,1829.5799560546875,1815.0
124.3704833984375,121.44988250732422,126.61000061035156,121.66999816894531
183.1985626220703,179.47390747070312,186.47000122070312,182.25999450683602
1784.85693359375,1759.236328125,1777.4200439453125,1753.239990234375
362.0766906738281,355.90667724609375,327.6000061035156,321.25
431.3856506347656,424.26800537109375,357.20001220703125,346.5
324.0197448730469,318.3698425292969,323.42999267578125,318.510009765625
229.0160369873047,224.66485595703125,217.63999938964844,211.6199951171875
149.06272888183594,145.80453491210938,121.76000213623048,117.62999725341795
623.972900390625,614.2225952148438,593.0,570.0
321.49285888671875,315.8774719238281,335.54998779296875,324.6600036621094
354.8980712890625,348.8260498046875,391.8800048828125,386.1499938964844
993.1077270507812,978.31103515625,982.9000244140624,968.5499877929688
791.0606079101562,779.02587890625,780.8599853515625,762.8099975585938
253.8583221435547,249.167724609375,229.52999877929688,227.58999633789062
1805.915283203125,1780.0068359375,1741.8900146484375,1722.0
789.8689575195312,777.8505859375,838.2999877929688,822.2100219726562
2700.21728515625,2662.08349609375,2659.639892578125,2636.110107421875
804.8134155273438,792.5909423828125,837.4199829101562,825.2899780273438
413.9596252441406,407.080322265625,322.8999938964844,319.5
199.2856903076172,195.34109497070312,155.9600067138672,152.7899932861328
1786.0244140625,1760.387939453125,1786.219970703125,1771.9100341796875
1794.8778076171875,1769.1201171875,1743.0,1711.9000244140625
255.9771270751953,251.25741577148438,267.58999633789057,260.79998779296875
1082.48583984375,1066.467041015625,1131.75,1121.6300048828123
320.1556701660156,314.5586242675781,297.0,292.7099914550781
199.01393127441406,195.07305908203125,196.58999633789062,193.77999877929688
983.3189086914062,968.6559448242188,988.0,975.27001953125
835.4271240234375,822.7860717773438,825.0,819.7100219726562
220.69627380371094,216.45880126953125,251.0,244.66000366210938
180.9164581298828,177.2228240966797,174.5500030517578,166.97000122070312
1240.74853515625,1222.56640625,1253.0799560546875,1232.030029296875
657.0535888671875,646.850830078125,686.97998046875,671.4099731445312
815.3406372070312,802.9742431640625,843.8400268554688,833.0
414.8777770996094,407.9857177734375,379.30999755859375,374.0299987792969
328.65447998046875,322.9412841796875,322.7300109863281,318.5
384.704345703125,378.22479248046875,354.82000732421875,347.3999938964844
153.71275329589844,150.39120483398438,135.21000671386722,132.05000305175778
1020.2134399414062,1005.0460205078125,1194.800048828125,1145.18994140625
355.9153137207031,349.82928466796875,344.42999267578125,338.0
200.92254638671875,196.9554443359375,219.3500061035156,215.2100067138672
1996.07958984375,1967.571533203125,1889.97998046875,1872.760009765625
187.9048614501953,184.1156005859375,142.4499969482422,139.78999328613278
983.0602416992188,968.40087890625,998.5599975585938,987.739990234375
1197.19580078125,1179.6090087890625,1179.1700439453125,1167.6400146484375
137.3887481689453,134.2903289794922,129.94999694824222,125.8000030517578
417.9670715332031,411.0328369140625,426.7999877929688,421.42999267578125
1849.2010498046875,1822.7008056640625,1807.6300048828125,1796.22998046875
255.98472595214844,251.2650146484375,271.97000122070307,269.20999145507807
1695.6553955078125,1671.25439453125,1711.949951171875,1660.0
265.4021911621094,260.5535583496094,265.25,260.54998779296875
1725.265380859375,1700.45947265625,1689.43994140625,1673.010009765625
167.7410125732422,164.22750854492188,178.11000061035156,173.8000030517578
392.2370910644531,385.65435791015625,375.989990234375,371.010009765625
178.1834259033203,174.52734375,221.6000061035156,211.38999938964844
1757.1741943359375,1731.931884765625,1743.9200439453125,1701.8699951171875
765.9948120117188,754.3027954101562,763.4099731445312,755.3599853515625
265.26361083984375,260.4169921875,313.6199951171875,295.54998779296875
125.12303924560547,122.1920166015625,131.17999267578122,123.76000213623048
253.31455993652344,248.63107299804688,261.51998901367193,255.8699951171875
676.6245727539062,666.154296875,668.530029296875,659.5599975585938
1570.636474609375,1547.944580078125,1585.0,1552.1800537109375
211.22853088378906,207.1204833984375,191.97000122070312,186.7899932861328
257.05377197265625,252.31942749023438,246.82000732421875,238.94000244140625
1874.4532470703125,1847.60791015625,1834.260009765625,1798.1099853515625
1773.73486328125,1748.2666015625,1850.0,1824.6099853515625
892.8757934570312,879.449462890625,909.6099853515624,900.780029296875
127.7672119140625,124.80023193359375,120.70999908447266,117.51000213623048
721.0797729492188,710.001708984375,729.4199829101562,721.5999755859375
421.5281982421875,414.5451354980469,469.6000061035156,458.1600036621094
180.6161651611328,176.92666625976562,216.9600067138672,209.75
360.1078796386719,353.964599609375,368.7799987792969,362.5
317.1601257324219,311.6038818359375,301.2799987792969,295.3299865722656
2179.359130859375,2148.345458984375,2424.219970703125,2382.080078125
898.6238403320312,885.11865234375,905.3200073242188,896.2899780273438
1844.85888671875,1818.418212890625,1876.469970703125,1860.43994140625
373.5848388671875,367.25726318359375,374.5,369.6400146484375
445.8626403808594,438.54705810546875,324.94000244140625,313.1300048828125
319.3036193847656,313.7181396484375,372.8399963378906,358.3999938964844
130.08160400390625,127.08290100097656,111.69000244140624,106.6999969482422
350.7244873046875,344.70947265625,374.4100036621094,367.20001220703125
